question,answer,contexts,ground_truth
Qu'est-ce que le service Azure OpenAI ?,"Le service Azure OpenAI est une plateforme de développement qui permet de créer des modèles d'Intelligence Artificielle personnalisés, de les déployer sur le cloud ou en périphérie, et de les intégrer à des applications et des scénarios variés.","['personnalisés, de les déployer sur le cloud ou en périphérie, et de les intégrer à des applications et des \nscénarios variés', '  \nComment fonctionne le service Azure OpenAI ?', 'personnalisés, de les déployer sur le cloud ou en périphérie, et de les intégrer à des applications et des \nscénarios variés', '  \nComment fonctionne le service Azure OpenAI ?', 'personnalisés, de les déployer sur le cloud ou en périphérie, et de les intégrer à des applications et des \nscénarios variés', '  \nComment fonctionne le service Azure OpenAI ?', 'personnalisés, de les déployer sur le cloud ou en périphérie, et de les intégrer à des applications et des \nscénarios variés', '  \nComment fonctionne le service Azure OpenAI ?']","[""Le service Azure OpenAI est un service cloud qui permet aux développeurs et aux chercheurs d'accéder à la plateforme OpenAI"", ""Le service Azure OpenAI offre la possibilité d'utiliser des modèles d'IA pré-entraînés ou personnalisés, de les déployer sur le cloud ou en périphérie, et de les intégrer à des applications et des scénarios variés.""]"
Comment fonctionne le service Azure OpenAI ?,"Azure OpenAI est un service cloud qui permet d'utiliser les technologies de l'IA développées par OpenAI. Il permet de créer des modèles d'IA personnalisés, de les déployer sur le cloud ou en périphérie, et de les intégrer à des applications et des scénarios variés. Les détails de fonctionnement dépendent de l'utilisation spécifique que vous souhaitez en faire, mais en général, vous devrez utiliser l'interface Azure pour configurer votre modèle d'IA, entraîner votre modèle à partir des données que vous fournissez, et déployer le modèle pour une utilisation dans vos applications.","['personnalisés, de les déployer sur le cloud ou en périphérie, et de les intégrer à des applications et des \nscénarios variés', '  \nComment fonctionne le service Azure OpenAI ?', 'personnalisés, de les déployer sur le cloud ou en périphérie, et de les intégrer à des applications et des \nscénarios variés', '  \nComment fonctionne le service Azure OpenAI ?', 'personnalisés, de les déployer sur le cloud ou en périphérie, et de les intégrer à des applications et des \nscénarios variés', '  \nComment fonctionne le service Azure OpenAI ?', 'personnalisés, de les déployer sur le cloud ou en périphérie, et de les intégrer à des applications et des \nscénarios variés', '  \nComment fonctionne le service Azure OpenAI ?']","['Le service Azure OpenAI repose sur deux composants principaux : le portail Azure OpenAI et les API Azure OpenAI.', 'Le portail Azure OpenAI est une interface web qui permet de créer, de gérer et de surveiller les ressources du service Azure OpenAI, telles que les abonnements, les clés, les modèles, les points de terminaison et les requêtes.']"
Quels sont les avantages du service Azure OpenAI ?,"Le service Azure OpenAI présente plusieurs avantages, mais sans plus de contexte, il est difficile de les énumérer tous. Pourriez-vous me donner plus de détails sur ce que vous souhaitez savoir en particulier ?","['Quels sont les avantages du service Azure OpenAI ?  \nLe service Azure OpenAI présente plusieurs avantages, parmi lesquels :', 'Quels sont les avantages du service Azure OpenAI ?  \nLe service Azure OpenAI présente plusieurs avantages, parmi lesquels :', 'Quels sont les avantages du service Azure OpenAI ?  \nLe service Azure OpenAI présente plusieurs avantages, parmi lesquels :', 'Quels sont les avantages du service Azure OpenAI ?  \nLe service Azure OpenAI présente plusieurs avantages, parmi lesquels :']","['Le service Azure OpenAI présente plusieurs avantages, parmi lesquels :', ""Il garantit une haute performance, en s'appuyant sur l'infrastructure cloud de Microsoft Azure, qui assure une disponibilité, une scalabilité et une sécurité optimales.""]"
Quels sont les cas d'utilisation du service Azure OpenAI ?,"Le service Azure OpenAI permet de créer des modèles d'intelligence artificielle personnalisés, de les déployer sur le cloud ou en périphérie, et de les intégrer à des applications et des scénarios variés. Les cas d'utilisation peuvent varier en fonction des besoins de chaque entreprise, mais cela peut inclure des domaines tels que la reconnaissance vocale, la compréhension du langage naturel, la vision par ordinateur, la prédiction de données, etc.","['personnalisés, de les déployer sur le cloud ou en périphérie, et de les intégrer à des applications et des \nscénarios variés', '  \nComment fonctionne le service Azure OpenAI ?', 'personnalisés, de les déployer sur le cloud ou en périphérie, et de les intégrer à des applications et des \nscénarios variés', '  \nComment fonctionne le service Azure OpenAI ?', 'personnalisés, de les déployer sur le cloud ou en périphérie, et de les intégrer à des applications et des \nscénarios variés', '  \nComment fonctionne le service Azure OpenAI ?', 'personnalisés, de les déployer sur le cloud ou en périphérie, et de les intégrer à des applications et des \nscénarios variés', '  \nComment fonctionne le service Azure OpenAI ?']","[""Le service Azure OpenAI peut être utilisé pour de nombreux cas d'utilisation, dans différents domaines et secteurs d'activité."", ""Dans le domaine du commerce, le service Azure OpenAI peut être utilisé pour créer des outils d'optimisation, tels que des recommandations personnalisées, des prévisions de ventes, des analyses de marché ou des chatbots.""]"
Comment mettre en œuvre le service Azure OpenAI ?,"To implement the Azure OpenAI service, you can start by creating an Azure account and subscribing to the OpenAI service. Once you have subscribed, you can access the API and SDK documentation, which will guide you through the process of integrating the service into your application. Depending on your specific use case, you may need to use different APIs or SDKs to access the various capabilities of the OpenAI service, such as personalized recommendations, sales forecasting, market analysis, or chatbots. It's best to consult the documentation and seek additional help from the Azure support team if needed.","[""d'optimisation, tels que des recommandations personnalisées, des prévisions de ventes, des \nanalyses de marché ou des chatbots"", '  \nComment mettre en œuvre le service Azure OpenAI ?', ""d'optimisation, tels que des recommandations personnalisées, des prévisions de ventes, des \nanalyses de marché ou des chatbots"", '  \nComment mettre en œuvre le service Azure OpenAI ?', ""d'optimisation, tels que des recommandations personnalisées, des prévisions de ventes, des \nanalyses de marché ou des chatbots"", '  \nComment mettre en œuvre le service Azure OpenAI ?', ""d'optimisation, tels que des recommandations personnalisées, des prévisions de ventes, des \nanalyses de marché ou des chatbots"", '  \nComment mettre en œuvre le service Azure OpenAI ?']","['Pour mettre en œuvre le service Azure OpenAI, il faut suivre les étapes suivantes :', 'Analyser les résultats des requêtes, en utilisant les outils de suivi et de statistiques fournis par le portail Azure OpenAI.']"
Quels sont les composants principaux du service Azure OpenAI ?,Le service Azure OpenAI repose sur deux composants principaux : le portail Azure OpenAI et les API Azure OpenAI.,"['Le service Azure OpenAI repose sur deux composants principaux : le portail Azure OpenAI et les API \nAzure OpenAI', ' Le portail Azure OpenAI est une interface web qui permet de créer, de gérer et de', 'Le service Azure OpenAI repose sur deux composants principaux : le portail Azure OpenAI et les API \nAzure OpenAI', ' Le portail Azure OpenAI est une interface web qui permet de créer, de gérer et de', 'Le service Azure OpenAI repose sur deux composants principaux : le portail Azure OpenAI et les API \nAzure OpenAI', ' Le portail Azure OpenAI est une interface web qui permet de créer, de gérer et de', 'Le service Azure OpenAI repose sur deux composants principaux : le portail Azure OpenAI et les API \nAzure OpenAI', ' Le portail Azure OpenAI est une interface web qui permet de créer, de gérer et de']","['Le service Azure OpenAI repose sur deux composants principaux : le portail Azure OpenAI et les API Azure OpenAI.', ""Les API Azure OpenAI sont des interfaces de programmation qui permettent d'interagir avec les modèles d'IA du service Azure OpenAI, tels que GPT-3, Codex, DALL-E ou CLIP.""]"
Quels sont les modèles d'IA accessibles via le service Azure OpenAI ?,"Je suis désolé, mais je ne trouve pas d'informations précises sur les modèles d'IA accessibles via le service Azure OpenAI. Il est possible de trouver des informations plus détaillées sur le site Web d'Azure ou en contactant le support Azure.","['personnalisés, de les déployer sur le cloud ou en périphérie, et de les intégrer à des applications et des \nscénarios variés', '  \nComment fonctionne le service Azure OpenAI ?', 'personnalisés, de les déployer sur le cloud ou en périphérie, et de les intégrer à des applications et des \nscénarios variés', '  \nComment fonctionne le service Azure OpenAI ?', 'personnalisés, de les déployer sur le cloud ou en périphérie, et de les intégrer à des applications et des \nscénarios variés', '  \nComment fonctionne le service Azure OpenAI ?', 'personnalisés, de les déployer sur le cloud ou en périphérie, et de les intégrer à des applications et des \nscénarios variés', '  \nComment fonctionne le service Azure OpenAI ?']","[""Les API Azure OpenAI sont des interfaces de programmation qui permettent d'interagir avec les modèles d'IA du service Azure OpenAI"", 'tels que GPT-3, Codex, DALL-E ou CLIP.']"
Quelles tâches les modèles d'IA du service Azure OpenAI peuvent-ils accomplir ?,"Le service Azure OpenAI permet de créer des modèles d'IA personnalisés, de les déployer sur le cloud ou en périphérie, et de les intégrer à des applications et des scénarios variés. Les modèles d'IA peuvent être utilisés pour effectuer une grande variété de tâches, telles que la reconnaissance vocale, la reconnaissance d'image, la traduction de langues, la prédiction de données et bien plus encore.","['personnalisés, de les déployer sur le cloud ou en périphérie, et de les intégrer à des applications et des \nscénarios variés', '  \nComment fonctionne le service Azure OpenAI ?', 'personnalisés, de les déployer sur le cloud ou en périphérie, et de les intégrer à des applications et des \nscénarios variés', '  \nComment fonctionne le service Azure OpenAI ?', 'personnalisés, de les déployer sur le cloud ou en périphérie, et de les intégrer à des applications et des \nscénarios variés', '  \nComment fonctionne le service Azure OpenAI ?', 'personnalisés, de les déployer sur le cloud ou en périphérie, et de les intégrer à des applications et des \nscénarios variés', '  \nComment fonctionne le service Azure OpenAI ?']","[""Il permet d'accéder à des modèles d'IA de pointe, capables de réaliser des tâches complexes et variées"", 'telles que la génération de texte, la compréhension du langage naturel, la vision par ordinateur, la synthèse vocale ou la création de contenu multimédia.']"
Quelle est l'infrastructure sur laquelle repose le service Azure OpenAI ?,"Il n'est pas clair dans le contexte fourni quelle est l'infrastructure sur laquelle repose le service Azure OpenAI. Cependant, Azure OpenAI est un service cloud qui permet aux développeurs d'accéder à des modèles d'IA sophistiqués pour personnaliser, déployer et intégrer des applications et des scénarios variés.","['personnalisés, de les déployer sur le cloud ou en périphérie, et de les intégrer à des applications et des \nscénarios variés', '  \nComment fonctionne le service Azure OpenAI ?', 'personnalisés, de les déployer sur le cloud ou en périphérie, et de les intégrer à des applications et des \nscénarios variés', '  \nComment fonctionne le service Azure OpenAI ?', 'personnalisés, de les déployer sur le cloud ou en périphérie, et de les intégrer à des applications et des \nscénarios variés', '  \nComment fonctionne le service Azure OpenAI ?', 'personnalisés, de les déployer sur le cloud ou en périphérie, et de les intégrer à des applications et des \nscénarios variés', '  \nComment fonctionne le service Azure OpenAI ?']","[""Il garantit une haute performance, en s'appuyant sur l'infrastructure cloud de Microsoft Azure"", 'qui assure une disponibilité, une scalabilité et une sécurité optimales.']"
Quels outils le service Azure OpenAI fournit-il pour la formation et le réglage des modèles d'IA ?,"Le service Azure OpenAI fournit des outils de formation et de réglage pour créer des modèles d'IA personnalisés. Les détails spécifiques de ces outils dépendent du modèle choisi et des besoins de l'utilisateur, mais en général, les outils de formation permettent aux utilisateurs de fournir des données d'entraînement pour le modèle, tandis que les outils de réglage permettent de peaufiner les paramètres du modèle pour améliorer ses performances.","[""• Choisir un modèle d'IA, parmi ceux proposés par le service Azure OpenAI, ou créer son propre \nmodèle, en utilisant les outils de formation et de réglage fournis par le service Azure OpenAI"", '', ""• Choisir un modèle d'IA, parmi ceux proposés par le service Azure OpenAI, ou créer son propre \nmodèle, en utilisant les outils de formation et de réglage fournis par le service Azure OpenAI"", '', ""• Choisir un modèle d'IA, parmi ceux proposés par le service Azure OpenAI, ou créer son propre \nmodèle, en utilisant les outils de formation et de réglage fournis par le service Azure OpenAI"", '', ""• Choisir un modèle d'IA, parmi ceux proposés par le service Azure OpenAI, ou créer son propre \nmodèle, en utilisant les outils de formation et de réglage fournis par le service Azure OpenAI"", '']","[""Choisir un modèle d'IA, parmi ceux proposés par le service Azure OpenAI"", 'ou créer son propre modèle, en utilisant les outils de formation et de réglage fournis par le service Azure OpenAI.']"
